
  {
    "CustomerID": null,
    "Gender": null,
    "FName": null,
    "MName": null,
    "LName": null,
    "Occupation": null,
    "Company": null,
    "ManualRating": null,
    "SystemRating": null,
    "Picture": null,
    "BirthDate": null,
    "Anniversary": null,
    "RegistrationDate": null,
    "MobileNo": null,
    "AlternateNo": null,
    "WhatsAppNo": null,
    "Email": null,
    " PrimaryStoreType": null,
    " Status": null,
    "Group": null,
    "AddressID": null,
    " AddressType": null,
    "StreetAddress": null,
    "Locality": null,
    "City": null,
    " State": null,
    "Country": null,
    "PinCode": null,
    "PlaceID": null,
    "Lattitude": null,
    "Longitude": null,
    "AddressStatus": null
  }
