[
  {"WorkerID": 1, "WorkerName": "Rohit", "EmpID":12345 , "WorkCity": "KOTA", "Phone":1234567890 ,
    "Items1Month": 5, "Items6Month": 70, "AveragePerDay": 14, "Rating": 4
  },
  {"WorkerID": 2, "WorkerName": "Rohit", "EmpID":12345 , "WorkCity": "KOTA", "Phone":1234567890 ,
    "Items1Month": 5, "Items6Month": 70, "AveragePerDay": 14, "Rating": 4
  },
  {"WorkerID": 3, "WorkerName": "Rohit", "EmpID":12345 , "WorkCity": "KOTA", "Phone":1234567890 ,
    "Items1Month": 5, "Items6Month": 70, "AveragePerDay": 14, "Rating": 4
  },
  {"WorkerID": 4, "WorkerName": "Rohit", "EmpID":12345 , "WorkCity": "KOTA", "Phone":1234567890 ,
    "Items1Month": 5, "Items6Month": 70, "AveragePerDay": 14, "Rating": 4
  },
  {"WorkerID": 5, "WorkerName": "Rohit", "EmpID":12345 , "WorkCity": "KOTA", "Phone":1234567890 ,
    "Items1Month": 5, "Items6Month": 70, "AveragePerDay": 14, "Rating": 4
  },
  {"WorkerID": 6, "WorkerName": "Rohit", "EmpID":12345 , "WorkCity": "KOTA", "Phone":1234567890 ,
    "Items1Month": 5, "Items6Month": 70, "AveragePerDay": 14, "Rating": 4
  },
  {"WorkerID": 7, "WorkerName": "Rohit", "EmpID":12345 , "WorkCity": "KOTA", "Phone":1234567890 ,
    "Items1Month": 5, "Items6Month": 70, "AveragePerDay": 14, "Rating": 4
  }

]
