[
  {"": "" , "Account": 1123312,  "Name": "John Doe", "Category": "BUSINESS", "Address": "KOTA",
    "Credit": 2, "Debit":2, "Balance": 0
  },
  {"": "" , "Account": 1123312,  "Name": "John Doe", "Category": "BUSINESS", "Address": "KOTA",
    "Credit": 2, "Debit":2, "Balance": 0
  },
  {"": "" , "Account": 1123312,  "Name": "John Doe", "Category": "BUSINESS", "Address": "KOTA",
    "Credit": 2, "Debit":2, "Balance": 0
  },
  {"": "" , "Account": 1123312,  "Name": "John Doe", "Category": "BUSINESS", "Address": "KOTA",
    "Credit": 2, "Debit":2, "Balance": 0
  },
  {"": "" , "Account": 1123312,  "Name": "John Doe", "Category": "BUSINESS", "Address": "KOTA",
    "Credit": 2, "Debit":2, "Balance": 0
  },
  {"": "" , "Account": 1123312,  "Name": "John Doe", "Category": "BUSINESS", "Address": "KOTA",
    "Credit": 2, "Debit":2, "Balance": 0
  }

]
